	Sequence	Scale	Purification
0	AAACACGTGGCAAACATTCC	25nm	STD
1	AAACCGGAGCCATACAGTAC	25nm	STD
2	AAAGCACTCTTAGGCCTCTG	25nm	STD
3	AAAGGGGCCGTCAATATCAG	25nm	STD
4	AAATAAGACGACGACCCTCG	25nm	STD
5	AACGATGATGCTCACTCTCG	25nm	STD
10	AAGAATTACTGACCCCTCGG	25nm	STD
11	AAGACGATCCGAGCCATTAC	25nm	STD
12	AAGGAACTATGGCATCGAGC	25nm	STD
13	AAGGACTGCATACCAGGTTG	25nm	STD
14	AAGGATATGTAGACACCGCC	25nm	STD
15	AAGGCCCAGAAGGATACAAC	25nm	STD
16	AAGGCGCTCGGATAATACTC	25nm	STD
17	AAGGTATGTATAGCGACCGC	25nm	STD
19	AATAGGAACCTCTTACGCGG	25nm	STD
20	AATATCACGCAAAAGCACCG	25nm	STD
21	AATCAGTTTCTTTGGCAGCC	25nm	STD
22	AATGCAAAGCTATTAGCGCG	25nm	STD
23	AATGCGTCATTTTACACGGC	25nm	STD
24	AATGTCCTTAGGCAGTCGTC	25nm	STD
25	ACAACGAGCAGACCGAATAG	25nm	STD
26	ACAAGGAGTCGGCATATCAC	25nm	STD
27	ACAGAACGAACAGGCACTAC	25nm	STD
28	ACAGGAAGCAAGGTATACGC	25nm	STD
29	ACAGGGTATATTGAGTGCCC	25nm	STD
30	ACATAAGCGATCCCAAGGTC	25nm	STD
32	ACATTAAATTTCGCCGTGGC	25nm	STD
33	ACCACAGGTCAAGATTCACG	25nm	STD
34	ACCCGTATCGCATAAGGATG	25nm	STD
35	ACGAGATGATGCACCGATAG	25nm	STD
36	ACGATGGGGACATAGAACAC	25nm	STD
37	ACGGAGCCCTTATTGTAACC	25nm	STD
38	ACGTATGGGGAACACTACAC	25nm	STD
39	ACGTGAAACTGTATCGAGCC	25nm	STD
40	ACGTTCAGTTTTCCAATGGC	25nm	STD
41	ACTAGATTAGCAAGGCACCC	25nm	STD
42	ACTGGACCCAATAAAAGGCC	25nm	STD
43	ACTTCGATTGGCAAGGACTG	25nm	STD
44	AGAACATAGCATTCACGGGG	25nm	STD
45	AGACAACAATCTGAGGCTGG	25nm	STD
46	AGACAAGCCTTAACCGTAGG	25nm	STD
47	AGACACAAGGCTGATTCCAG	25nm	STD
48	AGACATGGGATTGACCACAC	25nm	STD
49	AGAGAGGCATGATTGACCTC	25nm	STD
50	AGAGTTGCACCTAGAATCCG	25nm	STD
51	AGATAGATGCTCCGTCAAGC	25nm	STD
52	AGATAGTCACGCACAAGACC	25nm	STD
53	AGATTAGCCGACTTTCCTGG	25nm	STD
54	AGATTAGCTGCCGATACTGG	25nm	STD
55	AGATTGTTACTCCGACGGAC	25nm	STD
56	AGATTTCCGACGAGATTCCC	25nm	STD
57	AGCATCCGTCTAAATCTCGG	25nm	STD
58	AGCTATAAGAATTGCCGGGC	25nm	STD
59	AGCTATGATCCCGGTGTAAC	25nm	STD
60	AGCTCAATCTAACAGTGGGG	25nm	STD
61	AGGACACCAGACCAATGAAG	25nm	STD
62	AGGGCTAATTACCATCAGCG	25nm	STD
63	AGGTGATCTGACGAATGTCC	25nm	STD
64	AGTAAAGCATAGTGCCCAGC	25nm	STD
66	AGTAGTATCCGAATCGCTGC	25nm	STD
67	AGTATCTCAGCAAGGGCAAC	25nm	STD
68	AGTATTAGGCGTCAAGGTCC	25nm	STD
69	AGTATTCTTACAGCCAGCCG	25nm	STD
70	AGTATTGCCGGACTAAACCC	25nm	STD
72	AGTCCCAAGTTCAGACGTAC	25nm	STD
73	AGTCCGACACAATGTGACAC	25nm	STD
74	AGTGAACTGACCGAATCCTC	25nm	STD
76	AGTGGTCTGTAAACCGTACC	25nm	STD
77	AGTGTTTTCCATTTTCCGCG	25nm	STD
78	AGTTATAAGGGTCCGATGCC	25nm	STD
79	AGTTGCAGTATCTAACCCGC	25nm	STD
80	AGTTGTAATATCACCCGCGC	25nm	STD
82	ATACGTGGCTAGCATGAGAC	25nm	STD
83	ATACTGTAAGAACCACGCGG	25nm	STD
84	ATAGATCATGTCGGCAGTCG	25nm	STD
85	ATAGATGGTGCCTACATGCG	25nm	STD
87	ATCACAACAAAGGACGGGTC	25nm	STD
88	ATCAGACAACACAGAGGCTG	25nm	STD
89	ATCCAGGAGGTCTAGGAACC	25nm	STD
90	ATCCTAGAAAAGGCGAAGGC	25nm	STD
91	ATGCCATGACGACAACTAGC	25nm	STD
92	ATGCTAGCTGGAACTATCGG	25nm	STD
93	ATTAGGATTGCGAGCGACAC	25nm	STD
94	ATTAGTACACTCCGTGAGCG	25nm	STD
95	ATTCAAGGGTTGGACGACTC	25nm	STD
96	ATTCTCACGACGCAAGATGG	25nm	STD
97	ATTGACGGGAACTACACTCG	25nm	STD
98	CACTCGATAGGTACAACCGG	25nm	STD
99	CAGACCTACGGATCTTAGCG	25nm	STD
100	CCACGAGATAAGAGGATGGC	25nm	STD
101	CCAGAGCTTAGGGGACATAC	25nm	STD
102	CCCGAGGGGAGAAATATACC	25nm	STD
103	CCGAGGGAACCATGATACAG	25nm	STD
104	CCGGGAGGAAGATATAGCAC	25nm	STD
105	CCGGTTGTACCTATCGAGTG	25nm	STD
106	CCGTGCGACAAGATTTCAAG	25nm	STD
107	CCTTTAACAGGACATGCAGC	25nm	STD
108	CGAACGCAAAAGTCCTCAAG	25nm	STD
109	CGATAGAACGACCAGGTAGC	25nm	STD
110	CGGATCGAACTTAGGTAGCC	25nm	STD
111	CGGGAGGAAGTCTTTAGACC	25nm	STD
112	CTAATATCCCTGAGCGACGG	25nm	STD
114	CTAGGGAACCAGGCTTAACG	25nm	STD
115	CTAGGGGATGGTCCAATACG	25nm	STD
116	CTATAGAATCCGGGCTGGTC	25nm	STD
118	CTGCTAGGGGCTACTTATCG	25nm	STD
119	GAAAAGTCCCAATGAGTGCC	25nm	STD
120	GAAGTGGTTTGCCTAAACGC	25nm	STD
121	GACCATGCAAGGAGAGGTAC	25nm	STD
122	GATACATAGACTTGGCCCCG	25nm	STD
123	GCACGCAAAAGGACATAACC	25nm	STD
124	GCAGCGTTTTAGCCTACAAG	25nm	STD
125	GCATAAAGTTGACAGGCCAG	25nm	STD
126	GCTAAATAGAGGGAAGCCCC	25nm	STD
127	GGAAAACTAAGACAAGGCGC	25nm	STD
128	GGAAACAATAACCATCGGCG	25nm	STD
129	GGGCACCGATTAAGAAATGC	25nm	STD
130	GGGTTGTCTCCTCTGATAGC	25nm	STD
131	GTACTCAGAGATTGCCGGAG	25nm	STD
132	GTATAAGATCAGCCGGACCC	25nm	STD
133	GTATGTCGGCTCTCGTATCG	25nm	STD
134	GTTCAGAGGTACGAACCCTC	25nm	STD
135	GTTGCATCTAAGCCAAGTGC	25nm	STD
136	TAAAGAGAGGGCGTCCAATC	25nm	STD
138	TAACGACGTGCCGAACTTAG	25nm	STD
139	TAAGATAGCACCACGGATGG	25nm	STD
140	TAAGGATTCATCAGGTGCGC	25nm	STD
141	TAAGGGACGATGCTTAACCC	25nm	STD
143	TACCACGAAATGCACAGGAG	25nm	STD
144	TACTGATAATTCGGACGCCC	25nm	STD
145	TACTTGAATACCACGTGGCC	25nm	STD
146	TAGCCAGGCAAAAGAGATCC	25nm	STD
147	TAGCTCGATAATCAAGGGGC	25nm	STD
148	TAGTGACCTAATGCCATGGG	25nm	STD
149	TAGTTGAGAACACGAACCCG	25nm	STD
151	TATACTGAAGAACGGCCCAG	25nm	STD
152	TATCAATCCGGAACCAGTGC	25nm	STD
153	TATCACGGAAGGACTCAACG	25nm	STD
155	TCAAAGGAGCACGAACCTAC	25nm	STD
156	TCAAGGTCCGTTATGGAACC	25nm	STD
157	TCACATAGAAGGACATGGCG	25nm	STD
158	TCACTTGGTATCGAGAACGG	25nm	STD
159	TCAGCCTTTCATTGATTGCG	25nm	STD
161	TCATCGACAAGATACAGGCG	25nm	STD
162	TCCAATTATACGGAGCAGGC	25nm	STD
163	TCGAATATGCTGTAACCCCG	25nm	STD
164	TCGACCAGGTTATCATGAGC	25nm	STD
165	TCGAGACAAGAACGATTCCC	25nm	STD
166	TCTAGGACTATCACCGGAGG	25nm	STD
168	TCTTCATAAGCCAGAGTGCC	25nm	STD
169	TCTTGCGATAGACACAAGCC	25nm	STD
170	TGAGCCATAAAAGCAAAGCG	25nm	STD
171	TGAGCGCAGAACTATCAGAC	25nm	STD
172	TGCATAGTATCCCAACAGGG	25nm	STD
173	TGCCAAAGGGTAGAGACATC	25nm	STD
174	TGCTGAATGAGAAACCTCGG	25nm	STD
176	TGGGGACGACTTATAATGCC	25nm	STD
177	TGTGGACCCTATCAAACGAG	25nm	STD
179	TTAGCTCAGGTCCAAAGTCC	25nm	STD
180	TTAGTAGGCAAGCATACCCG	25nm	STD
182	TTCGGGAGCGGATTATACAC	25nm	STD
183	TTCTGGGACTGGATAACACG	25nm	STD
184	TTGACAGACAATCCGTAGGC	25nm	STD
