gene name,FASTA_seq
BBF10K_000759_link_BBF10K_000758,GAAGACTAGGAGGGTCTCAAATGACCATGATTACGGATTCACTGGCCGTCGTTTTACAACGTCGTGACTGGGAAAACCCTGGCGTTACCCAACTTAATCGCCTTGCAGCACATCCCCCTTTCGCCAGCTGGCGTAATAGCGAAGAGGCCCGCACCGATCGCCCTTCCCAACAGTTGCGCAGCCTGAATGGCGAATGGCGCGCGGGCGGCAGCGAAGGCGGCGGCAGCGAACATCATCATCATCATCATGGCAGCGAACGTAAAGGAGAAGAACTTTTCACTGGAGTTGTCCCAATTCTTGTTGAATTAGATGGTGATGTTAATGGGCACAAATTTTCTGTCAGTGGAGAGGGTGAAGGTGATGCAACATACGGAAAACTTACCCTTAAATTTATTTGCACTACTGGAAAACTACCTGTTCCATGGCCAACACTTGTCACTACCCTGACCTATGGTGTTCAATGCTTTGCGAGATACCCAGATCATATGAAACAGCATGACTTTTTCAAGAGTGCCATGCCCGAAGGTTATGTACAGGAAAGAACTATATTTTTCAAAGATGACGGGAACTACAAGACACGTGCTGAAGTCAAGTTTGAAGGTGATACCCTTGTTAATAGAATCGAGTTAAAAGGTATTGATTTTAAAGAAGATGGAAACATTCTTGGACACAAATTGGAATACAACTATAACTCACACAATGTATACATCATGGCAGACAAACAAAAGAATGGAATCAAAGTTAACTTCAAAATTAGACACAACATTGAAGATGGAAGCGTTCAACTAGCAGACCATTATCAACAAAATACTCCAATTGGGGATGGCCCTGTCCTTTTACCAGACAACCATTACCTGTCCACACAATCTGCCCTTTCGAAAGATCCCAACGAAAAGCGCGACCACATGGTCCTTCTTGAGTTTGTAACAGCTGCTGGGATTACACATGGCATGGATGAACTATACAAATGAAGAGCTTCGAGACCGGCGCTACGTCTTCGCGATGCATGCTTGCAGGAGGGTCTCAAATGGAACAACGCATAACCCTGAAAGATTATGCAATGCGCTTTGGGCAAACCAAGACAGCTAAAGATCTCGGCGTATATCAAAGCGCGATCAACAAGGCCATTCATGCAGGCCGAAAGATCTTTTTAACTATAAACGCTGATGGAAGCGTTTATGCGGAAGAGGTAAAGCCCTTCCCGAGTAACAAGAAAACAACAGCATGAAGAGCTTCGAGACCGGCGCTCCTCTGAATACATCGC
BBF10K_000756_1,GAAGACTAGGAGGGTCTCAGGAGTTGACAGCTAGCTCAGTCCTAGGTATTGTGCTAGCTACTAGAGAAAGAGGAGAAATACTAGATGAACATCTCCGATGTGGCGAAGATCACAGGTCTGACCAGCAAAGCAATCCGCTTTTATGAAGAAAAAGGTTTGGTTACTCCGCCGATGCGCTCAGAGAATGGTTATCGCACCTATACGCAACAGCACCTCAATGAGTTGACGTTACTGCGCCAGGCCCGTCAAGTAGGGTTCAACCTTGAGGAGAGCGGTGAACTGGTCAATTTGTTCAACGATCCGCAACGTCACTCTGCTGATGTGAAACGCCGTACCCTTGAAAAAGTTGCGGAAATTGAGCGCCATATCGAAGAATTACAGAGCATGCGGGACCAACTGCTGGCGCTGGCTAACGCGTGTCCGGGCGACGATAGTGCCGACTGTCCGATTATTGAAAACCTGTCGGGTTGTTGTCATCATCGCGCAGGGTAATACTAGAGACCCGCCTGGTTTATTAATTTCTTGACCTTCCCCTTGCTGGAAGGTTTAACCTTTATCACAGCCAGTCAAAACTGTCTTAAAGTACTAGAATAATTTTGTTTAACTTTAAAAAAAAAAAAGAAGGAGAATAATCTATGCGTAAAGGCGAAGAGCTGTTCACTGGTGTCGTCCCTATTCTGGTGGAACTGGATGGTGATGTCAACGGTCATAAGTTTTCCGTGCGTGGCGAGGGTGAAGGTGACGCAACTAATGGTAAACTGACGCTGAAGTTCATCTGTACTACTGGTAAACTGCCGGTACCTTGGCCGACTCTGGTAACGACGCTGACTTATGGTGTTCAGTGCTTTGCTCGTTATCCGGACCATATGAAGCAGCATGACTTCTTCAAGTCCGCCATGCCGGAAGGCTATGTGCAGGAACGCACGATTTCCTTTAAGGATGACGGCACGTACAAAACGCGTGCGGAAGTGAAATTTGAAGGCGATACCCTGGTAAACCGCATTGAGCTGAAAGGCATTGACTTTAAAGAAGACGGCAATATCCTGGGCCATAAGCTGGAATACAATTTTAACAGCCACAATGTTTACATCACCGCCGATAAACAAAAAAATGGCATTAAAGCGAATTTTAAAATTCGCCACAACGTGGAGGATGGCAGCGTGCAGCTGGCTGATCACTACCAGCAAAACACTCCAATCGGTGATGGTCCTGTTCTGCTGCCAGACAATCACTATCTGAGCACGCAAAGCGTTCTGTCTAAAGATCCGAACGAGAAACGCGATCATATGGTTCTGCTGGAGTTCGTAACCGCAGCGGGCATCACGCATGGTATGGATGAACTGTACAAATGATGATACTAGAGCCAGGCATCAAATAAAACGAAAGGCTCAGTCGAAAGACTGGGCCTTTCGTTTTATCTGTTGTTTGTCGGTGAACGCTCTCTACTAGAGTCACACTGGCTCACCTTCGGGTGGGCCTTTCTGCGTTTATATACTCGAGACCCGCTACGTCTTC
BBF10K_000753_link_BBF10K_000758,GAAGACTAGGAGGGTCTCAAATGACTATAATGATTAAAAAATCGGATTTTTTGGCAATTCCATCGGAGGAGTATAAAGGTATTCTATCTCTTCGTTATCAAGTGTTTAAGCAAAGACTTGAGTGGGACTTAGTTGTAGAAAATAACCTTGAATCAGATGAGTATGATAACTCAAATGCAGAATATATTTATGCTTGTGATGATACTGAAAATGTAAGTGGATGCTGGCGTTTATTACCTACAACAGGTGATTATATGCTGAAAAGTGTTTTTCCTGAATTGCTTGGTCAACAGAGTGCTCCCAAAGATCCTAATATAGTCGAATTAAGTCGTTTTGCTGTAGGTAAAAATAGCTCAAAGATAAATAACTCTGCTAGTGAAATTACAATGAAACTATTTGAAGCTATATATAAACACGCTGTTAGTCAAGGTATTACAGAATATGTAACAGTAACATCAACAGCAATAGAGCGATTTTTAAAGCGTATTAAAGTTCCTTGTCATCGTATTGGAGACAAAGAAATTCATGTATTAGGTGATACTAAATCGGTTGTATTGTCTATGCCTATTAATGAACAGTTTAAAAAAGCAGTCTTAAATGCTGCAAACGACGAAAACTACGCTTTAGTAGCTTGAAGAGCTTCGAGACCGGCGCTACGTCTTCGCGATGCATGCTTGCAGGAGGGTCTCAAATGGAACAACGCATAACCCTGAAAGATTATGCAATGCGCTTTGGGCAAACCAAGACAGCTAAAGATCTCGGCGTATATCAAAGCGCGATCAACAAGGCCATTCATGCAGGCCGAAAGATCTTTTTAACTATAAACGCTGATGGAAGCGTTTATGCGGAAGAGGTAAAGCCCTTCCCGAGTAACAAGAAAACAACAGCATGAAGAGCTTCGAGACCGGCGCTCCTCTGAATACATCGC
BBF10K_000753_1,GAAGACTAGGAGGGTCTCAAATGACTATAATGATTAAAAAATCGGATTTTTTGGCAATTCCATCGGAGGAGTATAAAGGTATTCTATCTCTTCGTTATCAAGTGTTTAAGCAAAGACTTGAGTGGGACTTAGTTGTAGAAAATAACCTTGAATCAGATGAGTATGATAACTCAAATGCAGAATATATTTATGCTTGTGATGATACTGAAAATGTAAGTGGATGCTGGCGTTTATTACCTACAACAGGTGATTATATGCTGAAAAGTGTTTTTCCTGAATTGCTTGGTCAACAGAGTGCTCCCAAAGATCCTAATATAGTCGAATTAAGTCGTTTTGCTGTAGGTAAAAATAGCTCAAAGATAAATAACTCTGCTAGTGAAATTACAATGAAACTATTTGAAGCTATATATAAACACGCTGTTAGTCAAGGTATTACAGAATATGTAACAGTAACATCAACAGCAATAGAGCGATTTTTAAAGCGTATTAAAGTTCCTTGTCATCGTATTGGAGACAAAGAAATTCATGTATTAGGTGATACTAAATCGGTTGTATTGTCTATGCCTATTAATGAACAGTTTAAAAAAGCAGTCTTAAATGCTGCAAACGACGAAAACTACGCTTTAGTAGCTTGAAGAGCTTCGAGACCGGCGCTACGTCTTC
BBF10K_000754_link_BBF10K_000750,GAAGACTAGGAGGGTCTCAGGAGATCCGGATATAGTTCCTCCTTTCAGCAAAAAACCCCTCAAGACCCGTTTAGAGGCCCCAAGGGGTTATGCTAGTTATTGCTCAGCGGTGGCAGCAGCCAACTCAGCTTCCTTTCGGGCTTTGTTAGCAGCCGGATCTCAGTGGTGGTGGTGGTGGTGCAGATTGAAAGTAAAGATTTTCATTTATTCCCTTAACCAAGTTTTGATGTGTAGGCTCCAGGAAAACATTATTCACAAATTCAGGAGTCTTGCGAGCATAGGCCACCACCAATTTATAGGGAGATAGGAACTTTTGATCCTCATTATTTTCACCTTGCTGCAAATTCATGGATATAACAATGTCTATGAAGTCATCCAGGAACTGTTCATGCAAATCTGCTGGCATTCGCTCAAGAAAAGGACAAATGGCCTTTACATTATCTTTCAGTGTCCTCACGCCTTCATAAACAAACACTTCGTTTCGAATTTCCACATTGTGTTGCACGAAACCCACATCGTTCAACAACTGACTGAACTCCTCGCCAGGACTTAGACTGTAGTGAAGTGGGGATATGAAGTTCTCCACATCCTGCATAAAAGTCGACCACTTGTCATTCGTTTTAAGAATCTTATAGACTTCGTAAACCGGATTGGAGGCCAAAAAGGCCAGGAGGCAGTCGCCACCTTCGGGCTTCAGAAGATTGTAGATATTTCCGAGAGCTCCTTTCAGATTTTGCACCCAATGGAGGCAGTAGAACGAGGTGACATGGTCAAATCTGCCGCTAAGCTCCTCAGGCAGTCGCTCGCATCCAATGTCCAGAACCTGGAATCTGGTGCGCTCCTCTCGCTGGTAATGCTTACTGGCATAGTGCACCATCTGGCTGGAGATGTCTGTGCCCACCAGTTGTCCACGAATCGGGAGCAGTGGCTTTACGAAGTCCATGAGCACGTTACCGGATCCTGAACCCACATCCAGGAGTGCATCCTCTCCATCGGATCGCCACTGCATGGTCGATGCGAACTCGTCCAGAATCAATTTGGCATCGTGCCTTTGCACCTGGTTGGCGTGCTGATATAGAGAGGCCTGATTCATGGTATATCTCCTTCTTAAAGTTAAACAAAATTATTTCTAGAGGGGAATTGTTATCCGCTCACAATTCCCCTATAGTGAGTCGTATTACGCTCGAGACCCGCTACGTCTTCGCGATGCATGCTTGCAGGAGGGTCTCAGCTTCAAATAAAACGAAAGGCTCAGTGCAAAGACTGGGCCTTTCGTTTTATCTGTTGTTTGTCGGTGAACGCTCTCCTGAGTAGGACAAATCGCTCGAGACCCGCTCCTCTGAATACATCGC
BBF10K_000752_link_BBF10K_000750,GAAGACTAGGAGGGTCTCAAATGGCTAGCAAAGGAGAAGAACTTTTCACTGGAGTTGTCCCAATTCTTGTTGAATTAGATGGTGATGTTAATGGGCACAAATTTTCTGTCAGTGGAGAGGGTGAAGGTGATGCTACATACGGAAAGCTTACCCTTAAATTTATTTGCACTACTGGAAAACTACCTGTTCCATGGCCAACACTTGTCACTACTTTCTCTTATGGTGTTCAATGCTTTTCCCGTTATCCGGATCATATGAAACGGCATGACTTTTTCAAGAGTGCCATGCCCGAAGGTTATGTACAGGAACGCACTATATCTTTCAAAGATGACGGGAACTACAAGACGCGTGCTGAAGTCAAGTTTGAAGGTGATACCCTTGTTAATCGTATCGAGTTAAAAGGTATTGATTTTAAAGAAGATGGAAACATTCTCGGACACAAACTCGAGTACAACTATAACTCACACAATGTATACATCACGGCAGACAAACAAAAGAATGGAATCAAAGCTAACTTCAAAATTCGCCACAACATTGAAGATGGATCCGTTCAACTAGCAGACCATTATCAACAAAATACTCCAATTGGTGATGGCCCTGTCCTTTTACCAGACAACCATTACCTGTCGACACAATCTGCCCTTTCGAAAGATCCCAACGAAAAGCGTGACCACATGGTCCTTCTTGAGTTTGTAACTGCTGCTGGGATTACACATGGCATGGATGAGCTCTACAAATGAAGAGCTTCGAGACCGGCGCTACGTCTTCGCGATGCATGCTTGCAGGAGGGTCTCAGCTTCAAATAAAACGAAAGGCTCAGTGCAAAGACTGGGCCTTTCGTTTTATCTGTTGTTTGTCGGTGAACGCTCTCCTGAGTAGGACAAATCGCTCGAGACCCGCTCCTCTGAATACATCGC
BBF10K_000752_1,GAAGACTAGGAGGGTCTCAAATGGCTAGCAAAGGAGAAGAACTTTTCACTGGAGTTGTCCCAATTCTTGTTGAATTAGATGGTGATGTTAATGGGCACAAATTTTCTGTCAGTGGAGAGGGTGAAGGTGATGCTACATACGGAAAGCTTACCCTTAAATTTATTTGCACTACTGGAAAACTACCTGTTCCATGGCCAACACTTGTCACTACTTTCTCTTATGGTGTTCAATGCTTTTCCCGTTATCCGGATCATATGAAACGGCATGACTTTTTCAAGAGTGCCATGCCCGAAGGTTATGTACAGGAACGCACTATATCTTTCAAAGATGACGGGAACTACAAGACGCGTGCTGAAGTCAAGTTTGAAGGTGATACCCTTGTTAATCGTATCGAGTTAAAAGGTATTGATTTTAAAGAAGATGGAAACATTCTCGGACACAAACTCGAGTACAACTATAACTCACACAATGTATACATCACGGCAGACAAACAAAAGAATGGAATCAAAGCTAACTTCAAAATTCGCCACAACATTGAAGATGGATCCGTTCAACTAGCAGACCATTATCAACAAAATACTCCAATTGGTGATGGCCCTGTCCTTTTACCAGACAACCATTACCTGTCGACACAATCTGCCCTTTCGAAAGATCCCAACGAAAAGCGTGACCACATGGTCCTTCTTGAGTTTGTAACTGCTGCTGGGATTACACATGGCATGGATGAGCTCTACAAATGAAGAGCTTCGAGACCGGCGCTACGTCTTC
BBF10K_000751_1,GAAGACTAGGAGGGTCTCAAATGAAAACTATTGACTTATTCTGCGGTGCTGGTGGGTTAGGCGAAGGATTTCGTCAGGCTGGTTTTTCTGCGCTTTACGCAAATGACCACGAAACCCCAGCCTTAGCGACGTATAAGGAAAATCATCCAGATGCTGTCTGTTCCACAGATAGTATTGAAACGGTAGATCCAAAGAAAATCCGTGAGGACTTGGGCGTTGCCCCGGGGCAAGTTGATGTAGTAATGGGCGGGCCACCTTGCCAGGGATTCTCGACCTATGGCCAGCGTCGTGATGACGACGCTCGTAATCAACTTTACGTTCCTTACTTTGGGTTTGTGGAAGAATTTCGTCCAAAGGCCTTTTTGATCGAGAACGTTGTAGGTCTGTTGTCCATGAGTGGTGGGGCGGTCCTGGCTGACATGGTAGCACGTGCTGAAGCTCTGGGGTATGCTGCCGATGTTGTAACCTTGGACGCATGCGAATACGGCGTACCGCAGCACCGTCGCCGCGTGTTCATCTTTGGTGCGGCGGATGGGCAGCGCATCGACCCGCCCCAGCCGTCGCACGTAAACGGAAAGCGCAGTGGCGTAGTCTTGAATGACCAGCCATCTTTGTTTTTCGATGGGCCAAGCATCCAACCAGCTTTAACGGTGCGCGACGCCATTAGCGACCTTCCCGATGAAGTCTTAGTGCCTCGTGATACTCAGAAACCCATGGAGTACCCCGAACCGCCAAAGACAGAATACCAGCGTCTTATGCGTGGTAACAGCACCGAGCTTACCCACCATTCAGCCAAGCGTATGCTTGGCATTCGCCGTTTGCGCTTAGCAATGCTTCACCCCGGCGACTATGGAACGAAAATCGAAGAACGCCTTGCGGATGGTGGCTTAAACGACGAACTGATTGATCTTATGATGGGCGGGGCAGGGATGCGCGACGCTGCGGAATGTCGCACTCAGGACCGTGAAAAGGAGGCGGCCCTGCGCGAGGTGTTGAAAGGAGGGCATACCACACCGGCCAAAGTGATGGAGTTCCTGGACTCGCAGGGTTTTGCCAACAAGTACCGCCGCTTACGCTGGGATGCTCCCTCTCACACAGTCGTCGCTCACATGGCGCGTGATTGTTCAGACTTCGTGCACCCAGGCATCGACCGTTTCGTGTCCGTGCGTGAAGCTGCACGCTTTCAGTCGTTTCCAGACACGTACCGCTTCCCTGGCTCACAGTTCCGCCAGTTTCGCCAAATCGGCAACGCGGTGCCCCCATTGTTGGGCCGCGCCATGGCTGAAACGATTAAAGTTGCCATTAGTTAAAGAGCTTCGAGACCGGCGCTACGTCTTC
BBF10K_000757_1,GAAGACTAGGAGGGTCTCAGGAGTCACGGCATTGCGCTCCGGGCAAGACCGGCTTCACCCTGCAAAGACGCAATCAGCGGGCAGCTAACGTTACCCTTGCGCGCGTGACATGCGCAAACCAGTTCAGACAGGACTGTTTCCATACGTGCCAGATCGGCCATTTTCTCGCGAACGTCCTTCAGTTTGTGTTCTGCGAGCGAACTCGCTTCTTCGCAGTGCGTACCATCATCCAGACGCAGAAGTTCTGCGATCTCATCCAAGGAGAAACCCAGGCGTTGCGCGCTTTTCACGAACTTTACGCGCACGACATCGGCCTCACCATACCGCCGAATTGAGCCGTATGGTTTATCCGGTTCGCGCAGCAGACCTTTGCGCTGGTAGAAACGGATCGTTTCAACGTTGACGCCCGCAGCCTTCGCAAACACGCCGATGGTCAGGTTTTCCAGATTGTTTTCCATCTAGTATTTCTCCTCTTTCTCTAGTAGCTAGCACAATACCTAGGACTGAGCTAGCTGTCAATACTAGAGTTCCATATCGCTTGACTCCGTACATGAGTACGGAAGTAAGGTTACGCTATCCAATCCTACGACAATAATTTTGTTTAACTTTAAAAAAAAAAAAGAAGGAGAATAATCTATGCGTAAAGGCGAAGAGCTGTTCACTGGTGTCGTCCCTATTCTGGTGGAACTGGATGGTGATGTCAACGGTCATAAGTTTTCCGTGCGTGGCGAGGGTGAAGGTGACGCAACTAATGGTAAACACGTCTTC
BBF10K_000757_2,GAAGACTAAAACTGACGCTGAAGTTCATCTGTACTACTGGTAAACTGCCGGTACCTTGGCCGACTCTGGTAACGACGCTGACTTATGGTGTTCAGTGCTTTGCTCGTTATCCGGACCATATGAAGCAGCATGACTTCTTCAAGTCCGCCATGCCGGAAGGCTATGTGCAGGAACGCACGATTTCCTTTAAGGATGACGGCACGTACAAAACGCGTGCGGAAGTGAAATTTGAAGGCGATACCCTGGTAAACCGCATTGAGCTGAAAGGCATTGACTTTAAAGAAGACGGCAATATCCTGGGCCATAAGCTGGAATACAATTTTAACAGCCACAATGTTTACATCACCGCCGATAAACAAAAAAATGGCATTAAAGCGAATTTTAAAATTCGCCACAACGTGGAGGATGGCAGCGTGCAGCTGGCTGATCACTACCAGCAAAACACTCCAATCGGTGATGGTCCTGTTCTGCTGCCAGACAATCACTATCTGAGCACGCAAAGCGTTCTGTCTAAAGATCCGAACGAGAAACGCGATCATATGGTTCTGCTGGAGTTCGTAACCGCAGCGGGCATCACGCATGGTATGGATGAACTGTACAAATGATGATACTAGAGCCAGGCATCAAATAAAACGAAAGGCTCAGTCGAAAGACTGGGCCTTTCGTTTTATCTGTTGTTTGTCGGTGAACGCTCTCTACTAGAGTCACACTGGCTCACCTTCGGGTGGGCCTTTCTGCGTTTATAAATGCGAGACCCGCTACGTCTTC
BBF10K_000755_1,GAAGACTAGGAGGGTCTCAGGAGATCCGGATATAGTTCCTCCTTTCAGCAAAAAACCCCTCAAGACCCGTTTAGAGGCCCCAAGGGGTTATGCTAGTTATTGCTCAGCGGTGGCAGCAGCCAACTCAGCTTCCTTTCGGGCTTTGTTAGCAGCCGGATCTCCTTAATTTATTCCCTTAACCAAGTTTTGATGTGTAGGCTCCAGGAAAACATTATTCACAAATTCAGGAGTCTTGCGAGCATAGGCCACCACCAATTTATAGGGAGATAGGAACTTTTGATCCTCATTATTTTCACCTTGCTGCAAATTCATGGATATAACAATGTCTATGAAGTCATCCAGGAACTGTTCATGCAAATCTGCTGGCATTCGCTCAAGAAAAGGACAAATGGCCTTTACATTATCTTTCAGTGTCCTCACGCCTTCATAAACAAACACTTCGTTTCGAATTTCCACATTGTGTTGCACGAAACCCACATCGTTCAACAACTGACTGAACTCCTCGCCAGGACTTAGACTGTAGTGAAGTGGGGATATGAAGTTCTCCACATCCTGCATAAAAGTCGACCACTTGTCATTCGTTTTAAGAATCTTATAGACTTCGTAAACCGGATTGGAGGCCAAAAAGGCCAGGAGGCAGTCGCCACCTTCGGGCTTCAGAAGATTGTAGATATTTCCGAGAGCTCCTTTCAGATTTTGCACCCAATGGAGGCAGTAGAACGAGGTGACATGGTCAAATCTGCCGCTAAGCTCCTCAGGCAGTCGCTCGCATCCAATGTCCAGAACCTGGAATCTGGTGCGCTCCTCTCGCTGGTAATGCTTACTGGCATAGTGCACCATCTGGCTGGAGATGTCTGTGCCCACCAGTTGTCCACGAATCGGGAGCAGTGGCTTTACGAAGTCCATGAGCACGTTACCGGATCCTGAACCCACATCCAGGAGTGCATCCTCTCCATCGGATCGCCACTGCATGGTCGATGCGAACTCGTCCAGAATCAATTTGGCATCGTGCCTTTGCACCTGGTTGGCGTGCTGATATAGAGAGGCCTGATTCATAGATTGAAAGTAAAGATTTTCGCCGCTGCTGTGATGATGATGATGATGGCTGCTGCCCATGGTATATCTCCTTCTTAAAGTTAAACAAAATTATTTCTAGAGGGGAATTGTTATCCGCTCACAATTCCCCTATAGTGAGTCGTATTACGCTCGAGACCCGCTACGTCTTC
